{"minzoom":0,"maxzoom":8,"center":[42.890625,42.550931,8.0],"bounds":[40.007514,41.054853,47.123185,43.586159]}