{"minzoom":0,"maxzoom":9,"center":[42.539063,42.293027,9.0],"bounds":[40.007514,41.054853,47.123185,43.586159]}